timestamp,latitude,longitude,zoom,location_name,image_path,image_description,image_prompt,image_model,text_description,text_prompt,text_model,danger
2026-03-18T12:51:15.812157,15.37,2.01,11,"Akabar, Mali",/Users/korbiniandietl/Group_C/images/15.3700_2.0100_z11.png,"The image appears to be a satellite view of a landscape with a focus on a textured surface that resembles a wall or a section of a larger surface. The texture is composed of a pattern that mimics the appearance of natural stone or rock, with variations in color and intensity that suggest a natural, possibly eroded surface.

The visible land cover includes a large area of what seems to be a desert-like environment, characterized by sparse vegetation and a sandy or rocky terrain. There are no distinct water bodies or urban areas visible in this particular section of the image.

There are signs of human activity, as indicated by the presence of the textured surface, which could be a result of construction or landscaping. The surface has a pattern that is not natural, suggesting it has been artificially created or modified.

There are no visible signs of environmental changes or degradation in the immediate vicinity of the textured surface. However, the overall landscape shows a dry and arid environment, which could be indicative of environmental stress or degradation, such as desertification or overgrazing. The absence of lush vegetation and the predominance of sandy or rocky terrain suggest a harsh and potentially fragile ecosystem.","You are an environmental analyst looking at a satellite image. Describe what you see in detail: land cover, vegetation, water bodies, urban areas, signs of human activity, and any visible environmental changes or degradation. Be specific and concise.
",llava:7b,"Q1: YES/NO
Q2: YES/NO
Q3: YES/NO
Q4: YES/NO
Q5: YES/NO

DANGER: YES
SUMMARY: The satellite image suggests a high risk of environmental degradation and potential danger due to the presence of a textured surface that may be a result of human activity, sparse vegetation, and a dry, arid environment that could be indicative of desertification or overgrazing.","You are an environmental risk expert. Given the following satellite image description, answer YES or NO to each of these questions, then give a final risk verdict. Questions: 1. Is there visible deforestation or loss of tree cover? 2. Are there signs of soil erosion or land degradation? 3. Is there evidence of urban sprawl encroaching on natural areas? 4. Are there signs of water body shrinkage or pollution? 5. Is biodiversity habitat visibly fragmented or destroyed? Respond in this exact format: Q1: YES/NO Q2: YES/NO Q3: YES/NO Q4: YES/NO Q5: YES/NO DANGER: YES/NO SUMMARY: <one sentence explanation>
",llama3.2:3b,Y
2026-03-18T12:52:47.373891,1.29,114.57,13,"East Kalimantan, Indonesia",/Users/korbiniandietl/Group_C/images/1.2900_114.5700_z13.png,"The image depicts a satellite view of a landscape with a mix of natural and human-induced features. The land cover includes a dense forested area with a variety of tree types, some of which appear to be coniferous, and patches of open land with sparse vegetation. There are several water bodies, including what appears to be a river or stream meandering through the landscape.

In the lower right corner, there is a small urban area with a grid-like pattern of roads and buildings, indicative of human settlement. The presence of these structures suggests human activity and development in the area.

There are no clear signs of environmental degradation or change visible in the image. The forest appears to be healthy, and the water bodies are undisturbed. The urban area is relatively small compared to the surrounding natural landscape.

The overall impression is of a well-preserved natural environment with a small human settlement integrated into it.","You are an environmental analyst looking at a satellite image. Describe what you see in detail: land cover, vegetation, water bodies, urban areas, signs of human activity, and any visible environmental changes or degradation. Be specific and concise.
",llava:7b,"Q1: YES/NO
Q2: NO/NO
Q3: NO/NO
Q4: NO/NO
Q5: NO/NO

DANGER: NO
SUMMARY: The satellite image suggests a relatively undisturbed natural environment with a small human settlement integrated into it, with no visible signs of environmental degradation or change.","You are an environmental risk expert. Given the following satellite image description, answer YES or NO to each of these questions, then give a final risk verdict. Questions: 1. Is there visible deforestation or loss of tree cover? 2. Are there signs of soil erosion or land degradation? 3. Is there evidence of urban sprawl encroaching on natural areas? 4. Are there signs of water body shrinkage or pollution? 5. Is biodiversity habitat visibly fragmented or destroyed? Respond in this exact format: Q1: YES/NO Q2: YES/NO Q3: YES/NO Q4: YES/NO Q5: YES/NO DANGER: YES/NO SUMMARY: <one sentence explanation>
",llama3.2:3b,N
2026-03-18T12:54:57.539273,-23.55,-46.63,12,"São Paulo, Brazil",/Users/korbiniandietl/Group_C/images/-23.5500_-46.6300_z12.png,"The satellite image displays a large urban area with a mix of land cover types. The most prominent feature is the dense urban development, characterized by a patchwork of buildings and infrastructure. The urban area is interspersed with green spaces, which appear to be parks or other green areas, intermixed with the built environment.

There are several water bodies visible, including rivers or streams that meander through the city. These water bodies are surrounded by urban development, indicating a high level of human activity in the area.

The vegetation in the image is sparse and appears to be limited to the green spaces, with no significant areas of forest or dense vegetation. The land cover is predominantly urban, with the built environment occupying the majority of the image.

There are no visible signs of degradation or environmental changes in the image, suggesting that the area is well-maintained and developed. The urban areas are densely packed, with no clear indication of rural or agricultural land.

Overall, the image provides a comprehensive view of a densely populated urban area with a mix of green spaces, water bodies, and built environment. The lack of significant vegetation and the high level of human activity suggest that this area is likely to be a major city or metropolitan region.","You are an environmental analyst looking at a satellite image. Describe what you see in detail: land cover, vegetation, water bodies, urban areas, signs of human activity, and any visible environmental changes or degradation. Be specific and concise.
",llava:7b,"Q1: YES/NO
Q2: NO/NO
Q3: NO/NO
Q4: NO/NO
Q5: NO/NO

DANGER: NO
SUMMARY: The satellite image suggests that the urban area is densely developed with limited vegetation, but no significant signs of environmental degradation or habitat destruction are visible, indicating a relatively low risk of environmental harm.","You are an environmental risk expert. Given the following satellite image description, answer YES or NO to each of these questions, then give a final risk verdict. Questions: 1. Is there visible deforestation or loss of tree cover? 2. Are there signs of soil erosion or land degradation? 3. Is there evidence of urban sprawl encroaching on natural areas? 4. Are there signs of water body shrinkage or pollution? 5. Is biodiversity habitat visibly fragmented or destroyed? Respond in this exact format: Q1: YES/NO Q2: YES/NO Q3: YES/NO Q4: YES/NO Q5: YES/NO DANGER: YES/NO SUMMARY: <one sentence explanation>
",llama3.2:3b,N
2026-03-20T21:37:19.847719,-3.47,-62.21,12,"Codajás, Brazil",/Users/korbiniandietl/Group_C/images/-3.4700_-62.2100_z12.png,"The image displays a satellite view of a landscape with a mix of natural and human-made features. The land cover is predominantly green, indicating vegetation, with some areas of brown, which could be indicative of bare ground or sparse vegetation. There are several water bodies, including a large body of water that appears to be a river or lake, and smaller bodies that could be ponds or lakes. The water bodies are surrounded by the green land cover, suggesting a natural environment.

Urban areas are visible with roads and buildings, indicating human settlements. There are also signs of human activity, such as the roads and buildings, which suggest a developed area. The presence of these human-made features contrasts with the surrounding natural landscape.

There are no visible signs of environmental changes or degradation in the image. The water bodies appear to be clear, and the vegetation looks healthy. The overall image presents a balanced coexistence of natural and human-made elements.","You are an environmental analyst looking at a satellite image. Describe what you see in detail: land cover, vegetation, water bodies, urban areas, signs of human activity, and any visible environmental changes or degradation. Be specific and concise.
",llava:7b,"Q1: YES/NO
Q2: NO/NO
Q3: NO/NO
Q4: NO/NO
Q5: NO/NO

DANGER: NO
SUMMARY: The satellite image suggests a relatively pristine natural environment with no visible signs of deforestation, soil erosion, urban sprawl, water body shrinkage, or biodiversity habitat destruction, indicating a low risk of environmental degradation.","You are an environmental risk expert. Given the following satellite image description, answer YES or NO to each of these questions, then give a final risk verdict. Questions: 1. Is there visible deforestation or loss of tree cover? 2. Are there signs of soil erosion or land degradation? 3. Is there evidence of urban sprawl encroaching on natural areas? 4. Are there signs of water body shrinkage or pollution? 5. Is biodiversity habitat visibly fragmented or destroyed? Respond in this exact format: Q1: YES/NO Q2: YES/NO Q3: YES/NO Q4: YES/NO Q5: YES/NO DANGER: YES/NO SUMMARY: <one sentence explanation>
",llama3.2:3b,N
2026-03-20T21:40:33.086990,45.0,60.0,10,"Kyzylorda Region, Kazakhstan",/Users/korbiniandietl/Group_C/images/45.0000_60.0000_z10.png,"The image is a satellite view of a desert landscape. The land cover is predominantly sandy and rocky, with sparse vegetation, primarily green moss or lichen, scattered across the surface. There are no visible urban areas or significant human activity. The water bodies are minimal, with a small, greenish-blue area that could be a shallow lake or watering hole. The color palette is dominated by shades of green, brown, and gray, with the green indicating the presence of vegetation, and the brown and gray representing the sandy and rocky terrain. The image does not show any signs of environmental degradation or pollution. The overall condition of the environment appears to be relatively undisturbed, with no clear indications of human encroachment or impact.","You are an environmental analyst looking at a satellite image. Describe what you see in detail: land cover, vegetation, water bodies, urban areas, signs of human activity, and any visible environmental changes or degradation. Be specific and concise.
",llava:7b,"Q1: YES/NO
Q2: YES/NO
Q3: YES/NO
Q4: YES/NO
Q5: YES/NO

DANGER: NO
SUMMARY: The satellite image suggests a relatively pristine desert environment with minimal signs of human impact, indicating a low risk of environmental degradation or pollution.","You are an environmental risk expert. Given the following satellite image description, answer YES or NO to each of these questions, then give a final risk verdict. Questions: 1. Is there visible deforestation or loss of tree cover? 2. Are there signs of soil erosion or land degradation? 3. Is there evidence of urban sprawl encroaching on natural areas? 4. Are there signs of water body shrinkage or pollution? 5. Is biodiversity habitat visibly fragmented or destroyed? Respond in this exact format: Q1: YES/NO Q2: YES/NO Q3: YES/NO Q4: YES/NO Q5: YES/NO DANGER: YES/NO SUMMARY: <one sentence explanation>
",llama3.2:3b,N
